X.1,X,Y,Class,Ultra_Blue,Blue,Green,Red,NIR,SWNIR_1,SWNIR_2,Cirrus
1,767854.8258,1441894.391,1,9735,9129,8956,9134,14231,14725,11317,5401
2,763393.7402,1440594.774,1,10013,9481,9503,10058,15429,16174,12591,5503
3,763380.944,1442667.763,1,9703,9071,8636,8876,14421,14322,10478,5460
4,766580.0014,1439558.28,1,9787,9288,9033,9132,15318,14586,11230,5353
5,760341.8394,1437530.077,1,10442,10089,10949,12957,16616,19817,17189,5374
7,759055.8183,1451356.403,1,10590,10049,10293,11354,16052,16502,13754,5814
8,759650.843,1451554.745,1,10569,10071,10204,11771,15588,17855,14713,5853
9,760578.5697,1451234.839,1,9896,9265,9029,9398,14329,14291,11186,5594
10,757417.9009,1450217.539,1,12415,11910,12044,13081,17074,16717,13703,7188
11,767738.0602,1451260.432,1,10589,9996,9586,9776,14775,14769,11541,6022
12,764986.8708,1451311.617,1,9874,9285,9238,10110,15259,15559,12138,5691
14,791667.0099,1413940.228,1,9393,8759,8719,8605,14794,13021,10088,5069
15,759676.4355,1423025.551,1,9388,8796,8505,8885,13002,14633,11630,5143
16,763748.8356,1421880.288,1,9524,9015,9078,9933,15080,17643,13386,5135
17,763281.7732,1420946.163,1,9325,8758,8658,9151,14625,15651,11725,5111
18,765745.0474,1422686.451,1,9592,9005,8981,9733,14513,15999,12650,5235
19,776909.7579,1416953.74,1,9263,8626,8358,8378,14495,14851,10890,5150
20,776986.5353,1415699.709,1,9296,8775,8681,9236,15055,16108,12270,5130
21,776141.9841,1413268.426,1,9304,8654,8776,8874,15454,14791,11278,5051
22,767670.88,1415392.6,1,9648,8994,8802,8748,15684,13757,10338,5396
23,769692.6843,1423403.04,1,9435,8746,8447,8447,14703,13845,10414,5322
24,775396.6037,1412068.779,1,9297,8714,8617,8879,15065,15061,12071,5082
26,803247.5978,1427081.956,1,9401,8910,9035,9911,14796,17269,13164,5041
27,800278.8725,1421093.32,1,9863,9536,9828,11110,15230,16898,13555,5041
28,798576.9739,1421054.931,1,9311,8777,8717,9530,13988,15598,12499,5048
29,799664.6535,1424317.97,1,9294,8727,8802,9243,15336,14888,11695,5057
30,798205.8833,1423294.272,1,9363,8862,8917,9707,14335,16159,12983,5064
32,800969.8689,1422846.404,1,9455,8924,9015,9970,15322,15353,12505,5053
33,794891.6598,1425021.763,1,9185,8600,8649,8989,15319,14942,11291,5066
34,810122.3722,1430751.275,1,8853,8215,8306,7379,18624,12264,8659,5047
36,809751.2816,1428179.232,1,9005,8388,8724,8470,17969,13594,9916,5053
37,804831.1312,1436669.531,1,9364,8871,9014,9561,14715,16348,12759,5057
39,780275.1663,1442822.918,1,9645,9078,8930,9777,13224,13889,11281,5204
40,779046.7283,1447122.451,1,9692,9091,8815,8922,14584,13297,10254,5353
41,775866.8652,1446943.304,1,10400,9963,10785,14015,16885,21740,16643,5393
42,791139.1654,1455107.298,1,9526,8958,8957,9781,14924,16156,12613,5244
43,794306.2323,1455286.446,1,9364,8743,8488,8504,14455,13620,10201,5334
45,797019.033,1427646.589,1,9389,8865,9297,11518,15260,18934,15709,5063
46,795205.1674,1452656.82,1,9683,9308,9506,10349,16102,17958,13975,5149
47,804428.05,1442829.316,1,9351,8854,9267,10696,15788,17140,12915,5060
48,780319.9531,1455395.214,1,9329,8699,8600,8949,14344,13611,10662,5200
49,787153.1398,1455548.768,1,10305,9623,9390,9935,14180,14871,11624,5784
50,786660.485,1453888.457,1,9925,9374,9656,10255,16506,16604,12375,5390
51,786378.9679,1453299.831,1,10133,9552,9895,10699,13309,14110,11387,5487
52,764730.9462,1432982.617,1,9801,9203,9105,9511,15380,15028,11529,5393
53,766656.7788,1433712.002,1,10293,9967,10264,12060,15696,19492,15476,5329
54,766272.8919,1431997.307,1,9659,9032,8932,9009,14341,13252,10583,5399
55,765172.4162,1429809.152,1,9664,9097,9230,10367,14471,16350,12978,5301
57,795137.9872,1430384.982,1,9299,8752,8827,9304,15421,15630,11880,5087
58,794133.4831,1430701.689,1,9145,8486,8383,8886,14949,14469,10998,5075
60,782280.9753,1436757.505,1,10157,9805,11040,13639,17073,19065,17386,5179
62,792425.1865,1449153.852,1,9567,9046,9179,9801,15883,14858,11373,5194
64,776628.2408,1429210.928,2,10597,10526,9696,10342,10784,10802,9850,5132
65,782604.0801,1429965.906,2,10501,10027,9711,9889,10903,11363,10832,5118
66,780850.9967,1427406.66,2,10711,10328,10084,10253,11693,11562,10626,5111
67,785339.2742,1427086.754,2,10333,9930,9692,9933,11299,11185,10245,5106
68,786983.5898,1432921.835,2,10402,10117,10107,10320,11794,11272,10611,5092
70,790444.9699,1430720.883,2,10503,10056,10180,10494,11197,11137,10532,5099
72,791775.7778,1435295.536,2,10478,10126,10058,10463,12436,11828,11052,5104
73,791353.5022,1440573.98,2,10256,9784,9887,10202,12449,13142,11894,5171
74,793592.8424,1439319.95,2,10305,9846,9838,10059,12415,11656,10431,5078
75,793503.2688,1438321.844,2,10299,9895,9684,9985,11476,12027,11176,5063
77,789485.2527,1440612.369,2,10872,10454,10483,10747,12536,11931,11013,5383
78,782971.9717,1439780.614,2,10756,10364,10495,10802,11825,13116,12353,5164
79,784098.04,1442058.343,2,10764,10493,10571,11233,12248,12638,11701,5143
80,781692.3488,1441776.826,2,10374,9927,9646,9800,11875,11537,10540,5173
81,795601.8505,1448027.784,2,11301,11066,11522,12539,15408,16751,12842,5109
83,778646.8461,1453619.737,2,13526,13769,13197,13205,15974,18057,15381,5226
84,776573.8569,1447720.675,2,10370,9995,10016,10655,14835,15097,12236,5416
85,785300.8856,1425416.846,2,10459,10077,10209,10395,13212,12490,10931,5106
87,789203.7356,1426248.601,2,10237,10048,10438,11322,17162,19007,14825,5082
88,785876.7159,1428014.481,2,10812,10455,10256,10576,11673,12280,11680,5109
89,789472.4565,1428398.368,2,10844,10916,12283,14428,18501,22037,17854,5077
90,790752.0794,1428347.183,2,10673,10298,10317,10827,11608,11514,10658,5070
91,774424.0903,1428462.349,2,10517,10129,10024,9977,13499,13122,11994,5221
92,776445.8946,1426862.82,2,10599,10262,10192,10596,12770,13564,12725,5169
93,780828.6033,1429540.431,2,10277,9789,9397,9533,10692,10946,10364,5155
94,778723.6235,1431063.183,2,10626,10202,9864,9886,10894,11102,10637,5134
95,784936.193,1428206.424,2,10194,9788,9492,9666,11341,11071,10084,5134
96,782588.0849,1425839.122,2,10671,10614,10258,10995,11424,11510,9804,5104
98,778007.0346,1420835.796,2,10546,10126,10584,10672,14911,15027,13761,5123
99,795640.2392,1435289.137,2,11532,11540,12018,12798,13919,13721,12937,5058
100,771768.8726,1444425.646,2,10707,10167,9980,10254,12528,12054,10831,5647
101,774225.7487,1443510.715,2,10428,9980,10164,10883,13453,13052,11774,5372
102,772091.9774,1440007.747,2,11263,10853,10298,10377,13332,13023,11897,5523
103,771263.4215,1440666.753,2,11853,11216,10269,9829,14103,14566,13458,5507
104,773768.2835,1440932.275,2,11548,11079,10085,9799,14414,15228,13840,5498
106,772760.5804,1440743.53,2,11118,10814,9801,9845,12884,13129,12199,5497
107,774283.3317,1442335.861,2,10728,10382,9626,9533,11762,12106,11907,5347
109,776002.0253,1432857.054,2,11277,11352,9018,8516,12518,14425,12187,5170
113,781842.7045,1433403.293,2,10383,9620,8860,8122,13328,11752,10148,5197
114,780374.3371,1434209.456,2,10821,10415,9114,8969,11430,11053,10014,5187
115,778035.8261,1438160.292,2,11031,10475,9242,8883,11300,13005,11902,5275
116,778893.1735,1437645.243,2,12755,12542,13364,13658,15132,15338,13193,5305
117,796440.0036,1439827,2,10569,10505,10508,11190,12366,14653,12141,5089
118,787284.3012,1450761.379,2,11694,11833,12387,11749,11466,10585,9820,5271
119,788359.1845,1450831.758,2,10677,10067,10067,9589,10401,10098,10281,5135
120,784245.1966,1433172.961,2,10695,10470,11156,11652,15393,15359,12733,5174
122,791804.5693,1418027.024,2,9909,9360,8039,7420,12333,10926,9201,5036
123,782844.0094,1420004.041,2,14055,13755,10867,9613,15810,17077,16482,5081
124,781158.3061,1452120.178,2,11982,11259,9073,8753,13950,14232,12913,5316
126,763864.4403,1413927.826,3,9120,8382,8065,6991,17384,9580,7098,5183
127,763270.031,1413834.726,3,9010,8223,7618,6655,8753,6191,5632,5120
129,778743.7701,1412298.572,3,8740,7922,7240,6465,13065,9186,6919,5096
130,779211.6585,1412494.321,3,8714,7905,7287,6499,14354,9643,6981,5092
131,780629.647,1412656.65,3,8753,7970,7497,6633,15292,10483,7439,5089
132,780462.544,1413420.549,3,8786,8011,7379,6656,13560,9730,7066,5079
133,781250.3153,1412494.321,3,8741,7932,7379,6568,14504,9891,7189,5051
134,780768.1038,1414680.984,3,8751,7970,7452,6652,14080,10110,7345,5071
136,777929.7397,1412207.859,3,8762,7955,7320,6573,14213,9809,7154,5092
138,779290.4357,1415621.535,3,8777,8001,7374,6733,13153,9874,7462,5102
139,779137.6558,1415664.504,3,8912,8186,7757,7132,14812,11648,8341,5099
140,778256.7842,1415559.468,3,8795,7988,7419,6597,13685,9816,7268,5117
141,779190.1739,1415210.939,3,8800,7995,7401,6640,14245,9915,7246,5086
142,788564.653,1431467.675,3,9021,8291,8346,7108,21844,10876,7434,5073
144,787428.3525,1430856.555,3,9020,8305,8146,7138,18174,11003,7713,5081
146,786505.7051,1429553.152,3,8965,8211,7759,6850,17655,9757,7081,5113
147,788226.8662,1429137.781,3,8910,8116,7521,6773,12808,10066,7593,5088
149,795727.4043,1432514.456,3,9094,8389,8185,7347,17258,11066,7876,5075
150,795701.1453,1433326.099,3,8899,8135,7565,6877,15051,9708,7240,5069
151,799864.3975,1434233.23,3,8956,8265,8225,7224,20604,11225,7828,5057
152,799157.7905,1433593.464,3,9008,8338,8318,7538,18743,11870,8345,5073
153,801621.3663,1435245.397,3,8935,8251,8179,7121,21718,11235,7716,5050
155,804791.5492,1432447.615,3,8962,8289,8107,7831,14445,12781,9215,5047
158,769970.8619,1456280.085,3,10089,9441,8974,8535,15261,12344,9226,5840
159,769421.8091,1453997.936,3,10024,9270,8827,8114,15871,10314,8133,6018
160,769109.0877,1456511.642,3,10292,9600,9274,8556,18120,12126,9103,6069
161,807805.3714,1424346.699,3,8874,8194,7734,7273,14649,10771,8030,5033
163,760171.4637,1450099.661,3,9503,8723,8251,7625,14417,10230,7994,5577
166,758075.5144,1442155.106,3,9200,8514,8149,7559,14703,10354,7915,5282
168,763699.7245,1447311.428,3,9379,8687,8301,7607,7189,6450,6072,5419
169,773582.6742,1444427.707,3,9655,8907,8619,8056,15136,11830,9076,5577
170,764110.3204,1425244.281,3,9118,8443,8007,7503,15007,11162,8315,5177
171,761971.4019,1425301.574,1,9799,9301,9332,10121,15010,17154,13668,5319
173,799727.1343,1448170.815,3,9056,8403,8065,7762,12516,11162,8241,5096
174,808110.9312,1441381.658,1,9731,9368,9997,9502,9506,7741,6480,5053
175,806096.1463,1442011.875,1,9410,8924,9203,10366,14891,17523,13499,5037
176,811598.6099,1430188.143,3,8797,8073,7643,7315,13911,11073,8130,5042
177,758407.3333,1427567.013,3,9516,8743,8227,7788,14385,10449,8192,5387
179,792116.7856,1450868.335,3,8955,8221,7830,7056,15861,9082,6983,5213
180,791066.4238,1451973.602,3,9123,8418,8151,7535,15024,12011,8852,5192
182,788641.0429,1445461.359,1,10040,9551,9805,11071,12526,13931,10833,5149
184,786435.2831,1448774.773,2,10806,10599,12087,16013,18477,23204,16118,5199
185,783038.2748,1448183.349,4,9722,9022,8666,7860,11197,8458,7074,5660
186,781200.9491,1450973.362,4,9349,8615,7941,7169,7159,6054,5852,5302
188,796307.8494,1441038.193,4,8772,7954,7325,6466,6071,5291,5210,5085
190,769952.4328,1411304.139,4,9637,9185,9115,9443,14526,14673,12005,5130
191,757591.3137,1417663.327,4,9130,8321,7433,6751,6550,5943,5691,5258
193,769452.2719,1454818.136,4,10086,9484,9294,9252,11798,10440,8552,5880
194,769809.5297,1454889.588,4,9832,9144,8735,8306,8325,7241,6700,5882
195,771881.6248,1447672.98,4,10087,9302,8742,8025,8697,7648,7012,5903
196,768809.2079,1444171.854,4,9843,9271,9049,8040,8750,7400,6899,5755
197,782885.1643,1448673.302,4,9405,8821,8280,7330,8331,6473,6108,5421
198,780813.0692,1443671.693,4,9502,8818,8615,7734,6503,6104,5834,5303
199,782956.6159,1443671.693,4,9624,9130,9075,8260,6713,5890,5702,5239
200,780527.263,1448744.754,4,9583,8908,8642,7814,11131,8252,7307,5315
201,780170.0052,1432668.154,4,8991,8274,7884,6916,6276,5604,5494,5138
202,769586.8266,1454478.674,4,9821,9099,8589,8107,8335,7224,6685,5850
204,783264.9754,1447980.216,4,9454,8845,8396,7457,8315,6610,6196,5465
206,785021.2999,1451318.396,4,9168,8382,7503,6918,7075,6377,6082,5305
207,783939.5901,1450620.519,4,9280,8535,7918,7297,8743,7131,6447,5339
210,790149.1935,1431855.776,4,8877,8046,7213,6511,6174,5427,5319,5108
212,795722.7389,1441204.426,4,8780,7986,7321,6480,6128,5373,5274,5095
213,790239.8845,1431447.195,4,8818,7983,7137,6448,6132,5407,5303,5107
214,789638.2401,1431723.359,4,8892,8079,7189,6503,6239,5431,5319,5107
216,784016.317,1428794.042,4,8877,8047,7220,6490,6086,5482,5384,5127
217,784193.8515,1428379.795,4,8891,8060,7213,6497,6070,5459,5362,5103
218,785466.1814,1424917.874,4,8761,7946,6994,6332,5810,5386,5294,5090
219,782694.672,1424395.133,4,8783,7922,6973,6306,5901,5399,5299,5103
221,785604.2637,1424740.339,4,8724,7916,6927,6260,5768,5356,5263,5083
222,790644.2685,1424335.955,4,8619,7792,6827,6213,5740,5257,5190,5039
223,784200.0844,1436660.147,4,8820,7996,7256,6435,6046,5421,5342,5119
224,795971.0832,1441601.06,4,8737,7936,7217,6390,6035,5294,5222,5084
225,780421.7391,1443756.655,4,9490,8918,8690,7756,6578,6090,5764,5341
226,782528.8932,1443635.554,4,9241,8470,7836,7193,15528,9249,7191,5220
227,783376.5989,1445573.167,4,9252,8644,8153,7186,7320,5956,5751,5260
228,763641.094,1447235.854,4,9341,8662,8237,7536,7162,6509,6130,5435
